de,en
giftig,poisonous(ly)
im Freien,in the outdoors
die Haut (Singular),skin
"das Insekt, -en",insect
der Insektenschutz (Singular),insect repellent
"das Netz, -e",net
"der Pilz, -e","mushroom, toadstool"
der Schutz (Singular),protection
übernachten,to spend the night
"die Abneigung, -en","dislike, aversion"
"das Boot, -e",boat
erholsam,"relaxing, refreshing"
frustriert,frustrated(ly)
der Harz (Gebirge in Deutschland),Harz Mountains (Mountains in Germany)
langweilen (sich),to be bored
die Ruhe (Singular),"quiet, rest"
"der Urlaubsgruß, Urlaubsgrüße",greeting from vacation
buchen,to book
eben (Das ist eben nicht leicht.),here: just (It’s just not so easy.)
irgendwo,somewhere
"losfahren (fährt los, fuhr los, ist losgefahren)","to get going, to drive off"
spontan,spontaneous(ly)
die Urlaubsplanung (Singular),vacation planning
"der Urlaubstyp, -en",vacation type
"das Urlaubsziel, -e",vacation destination
erholen (sich),"to recover, relax"
"der Feierabend, -e","end of work, closing time"
"der Skype-Dialog, -e",Skype dialogue
sorry,sorry
aktiv,active(ly)
"begegnen (begegnet, begegnete, ist begegnet)",to encounter
entspannend,relaxing
faulenzen,to loaf around
inklusive,"inclusive of, including"
"die Kreuzfahrt, -en",cruise
"das Wellnesshotel, -s",spa hotel
"der Stopp, -s (In Berlin legen wir einen Stopp ein.)",stop (We’re having a stop in Berlin.)
"die Fahrt, -en","drive, ride"
"der Flug, Flüge",flight
inbegriffen,included
die Vollpension (Singular),"full board, meals included"
"zwar (Ich möchte eine Reise buchen, und zwar nach Spanien.)",here: namely (I’d like to book a trip (namely) to Spain.)
ausruhen (sich),to take a rest
beraten,to advise
bügeln,to iron
das Kinderland (Singular),kids zone
nutzen,"to use, take advantage of"
pur,pure(ly)
reinigen,"to clean, launder"
"der Top-Koch, Top-Köche",top chef (m.)
verwöhnen,"to spoil, pamper"
der Luxus (Singular),luxury
"der Bescheid, -e (Bescheid sagen) (Wir wissen Bescheid.)","here: clue, idea (to let s.o. know) (We know for sure.)"
"die Bewertung, -en","assessment, valuation"
immerhin,after all
kulinarisch,"culinary, culinarily"
der Dusel (Singular),"luck, fluke"
"der Massel, -s","pig, here: luck"
"wiederbekommen (bekommt wieder, bekam wieder, hat wiederbekommen)",to get back
erleichtert,relieved
"erschrecken (erschrickt, erschrak, ist erschrocken)",to become scared
"der Flugbegleiter, -",flight attendant (m.)
"das Gepäckfach, Gepäckfächer",luggage compartment
"die Passkontrolle, -n",passport control
"die Sitzreihe, -n",seating row
verhaften,to arrest
"verlegen (Er war verlegen, weil sie so nett zu ihm war.)",embarrassed (He was embarrassed because she was so nice to him.)
verzweifelt,desperate(ly)
"die Botschaft, -en",embassy
"die Grenze, -n",border
"das Konsulat, -e",consulate
"das Visum, Visa",visa
der Zoll (Singular),customs
"der Ausgang, Ausgänge",exit
diktieren,to dictate
das Essen (Singular),food
"das Gepäckband, Gepäckbänder",luggage carousel
"die Alm, -en","meadow, high altitude pasture"
"der Almsommer, -",Alpine summer
"der Almurlaub, -e",Alpine vacation
"das Ehepaar, -e",married couple
eher,"rather, quite"
die Einsamkeit (Singular),here: solitude
erholt,recovered
falls,in case
"fassen (Ich kann es kaum fassen, morgen fahre ich schon nach Hause.)",here: to believe (I can hardly believe that I’m going home tomorrow.)
freuen (sich) (auf + Akk.) (Ich freue mich auf den Urlaub.),to look forward to (I’m looking forward to my holidays.)
"die Käserei, -en",cheesemaking factory
"melken (melkt, melkte, hat gemolken)",to milk
"mithelfen (hilft mit, half mit, hat mitgeholfen)",to help s.o.
"der Rückblick, -e","review, look back"
"der Sonnenaufgang, Sonnenaufgänge",sunrise
"der Wanderer, -","hiker, walker, wanderer"
"die Weide, -n",pasture
"der Wunderkräutertee, -s",miracle herbal tea
"zurückgehen (geht zurück, ging zurück, ist zurückgegangen) (Es geht zurück nach Hause.)",to go back (He’s going back home.)
"der Almaufenthalt, -e",Alpine visit
mitarbeiten,"to work together, to work with s.o."
"die Einparkhilfe, -n",parking sensor
"das Hawk-Eye, -s",hawk eye
"die Kassette, -n",cassette
"der Kopfhörer, -",headphones
"die Neuerung, -en",innovation
"der Schiedsrichter, -",referee
technisch,technical(ly)
"der Türöffner, -",door opener
"der Walkman, -s","walkman, portable cassette player"
"der Zahlencode, -s",numerical code
"die Zeitschaltuhr, -en",timer
das Aus (Singular),here: out of bounds
dabei,here: considering
darum (Ich habe nicht aufgepasst. Darum habe ich mein Handy verloren.),"that’s why (I didn’t pay attention, that’s why I lost my call phone.)"
"der Gegner, -",opponent
das Muss (Singular),must
schauen,to look
"das Taschenbuch, Taschenbücher",paperback
unfair,unfair
"der CD-Player, -",CD player
die Jugend (Singular),youth
seitdem,since then
ersetzen,to replace
"der Akku, -s",battery
"ausgehen (geht aus, ging aus, ist ausgegangen)","to run out, go out"
"der Erfahrungsbericht, -e",field report
"die Funktion, -en",function
"die Kaufentscheidung, -en",purchasing decision
"der Elektronikmarkt, Elektronikmärkte",electronics store
elektronisch,electronic(ally)
"die Fachzeitschrift, -en",trade journal
"der Freundeskreis, -e",circle of friends
"die Kundenbewertung, -en",customer review
"der Markt, Märkte",market
"das Sonderangebot, -e",special offer
"der Testbericht, -e",review
"der Werbeprospekt, -e",advertising brochure
"die Münze, -n",coin
"werfen (wirft, warf, hat geworfen)","to throw, toss"
senden,to send
einsetzen,"to use, employ, install"
"die Garantie, -n",guarantee
gebrauchen (So kann ich das Gerät nicht gebrauchen.),to use (I can’t use this thing as it is.)
"laden (lädt, lud, hat geladen)","to load, charge"
verärgert,angry
"das Kabel, -",cable
"der Monitor der, Monitoren",monitor
"der Schalter, -",switch
"die Steckdose, -n","power outlet, socket"
"der Stecker, -",plug
"klingen (klingt, klang, hat geklungen)",to sound
unfreundlich,unfriendly
"der Kasten, Kästen",box
anschalten,to turn on
"anschließen (schließt an, schloss an, hat angeschlossen)",to connect
drucken,to print
"das Elektrogeschäft, -e",electronics store
"der Farbdrucker, -",color printer
farbig,colorful
"die Farbpatrone, -n",color ink cartridge
"die Patrone, -n",ink cartridge
"die Reklamation, -en",complaint
smart,"smart, intelligent(ly)"
"die Vorstellung, -en","vision, imagination"
"der Adressat, -en","recipient, addressee"
ändern,to alter
apropos,"by the way, speaking of"
"auffallen (fällt auf, fiel auf, ist aufgefallen)",to stand out
bemerken,to notice
berühren,to touch
"die Computerstimme, -n",computerized voice
"hereinkommen (kommt herein, kam herein, ist hereingekommen)",to come in
"hinsehen (sieht hin, sah hin, hat hingesehen)",to look closely
klicken,to click
die Kosten (Plural),costs
"der Mitbewohner, -","roommate, flatmate"
"der Neubau, Neubauten",new building
speichern,"to store, save"
"umsehen (sich) (sieht sich um, sah sich um, hat sich umgesehen)",to look around
"die Videonachricht, -en",video message
"die Zentrale, -n",headquarters
"heimkommen (kommt heim, kam heim, ist heimgekommen)",to come home
"die Hightech-Wohnung, -en",high-tech apartment
anpassen,"to adapt, customize"
"das Gehalt, Gehälter",salary
trotz (+ Genitiv/Dativ) (Trotz der Hitze ist mir kalt.),"despite (Despite the heat, I’m cold.)"
wegen (+ Genitiv/Dativ),because of
"entsprechen (entspricht, entsprach, hat entsprochen)",to correspond
beeindruckt,impressed
"der Rollschuh, -e",roller skate
"die Werbeanzeige, -n",advertisement
die Beschleunigung (Singular),accelleration
"die Bio-Limonade, -n",organic lemonade
"die Brille, -n",glasses
"das Gesicht, -er",face
die Optik (Singular),optics
"der Tierpark, -s",zoo
"der Zoo, -s",zoo
das Aspirin (Singular),aspirin
frech,"cheeky, sassy"
geschmacklos,tasteless
"der Klebefilm, -e",adhesive film
"das Papiertaschentuch,",paper tissue
Papiertaschentücher der Süßstoff (Singular),sweetener
unmodern,unfashionable
"der Werbetext, -e",advertising copy
witzig,"funny, humorous"
davon,thereof
"ansprechen (spricht an, sprach an, hat angesprochen)","to appeal to, address"
"die Autofirma, Autofirmen",car company
darüber (Darüber möchte ich nicht sprechen.),here: about that (I don’t want to talk about that.)
"darum (Es geht darum, neugierig zu machen)",here: about that (It’s about making people curious.)
deswegen,"therefore, because of this"
"der Firmenname, -n",company name
genügen,to suffice
"der Genuss, Genüsse","indulgence, enjoyment"
das Kaufverhalten (Singular),purchasing behavior
der Konsum (Singular),consumption
"das Merkmal, -e",characteristic
der Reim,rhyme
die Schönheit (Singular),beauty
"der Slogan, -s",slogan
"der Stichpunkt, -e",bullet point
das Verhalten (Singular),behavior
verständlich,"understanable, understandably"
"werben (wirbt, warb, hat geworben)",to advertise
die Werbesprache (Singular),advertising language
"das Wortspiel, -e","play on words, pun"
zumindest,at least
"die Zigarette, -n",cigarette
"der Geschmack, Geschmäcker","flavor, taste"
der Ingwer (Singular),ginger
"der Radiospot, -s",radio ad
"schmelzen (schmilzt, schmolz, ist geschmolzen)",to melt
alleinerziehend,single parenting
die Arbeitsbedingungen (Plural),working conditions
"die Arbeitskraft, Arbeitskräfte",workforce
automatisiert,automated
autoritär,authoritarian
berufstätig,"working, employed"
"die Fabrik, -en",factory
"die Großfamilie, -n",extended family
die Kindererziehung (Singular),child rearing
"die Kleinfamilie, -n",nuclear family
die Schulbildung (Singular),education
"der Vergleich, -e",comparison
zum Glück,luckily
erben,to inherit
"der Wendepunkt, -e",turning point
"der Artikel, -",article
"einschlagen (schlägt ein, schlug ein, hat eingeschlagen) (einen neuen Weg einschlagen)",here: to pursue (to pursue an new path)
gut situiert,well-situated
"die Krankheit, -en",illness
"die Krisensituation, -en",crisis situation
"die Lebensgeschichte, -n",life story
der Lebenswandel (Singular),life change
"der Prozess, -e",process
raus (Ich will raus aus meinem langweiligen Leben.),out (I want to get out of my boring life.)
scheinbar,apparent(ly)
solche/solcher,such
"der Todesfall, Todesfälle",death
"die Trennung, -en",separation
abbauen,"to reduce, break down"
"aufgeben (gibt auf, gab auf, hat aufgegeben)",to give up
"der Bauchnabel, -",belly button
befreien,"to liberate, free"
"die Bewegung, -en",movement
"beweisen (beweist, bewies, hat bewiesen)",to prove
"die Blockade, -n","obstacle, blockade"
"brechen (bricht, brach, hat gebrochen)",to break
daraus,here: from that
"das Familienunternehmen, -",family business
"der Fernsehredakteur, -e",TV editor (m.)
"die Fleischfabrik, -en",meatpacking plant
gelähmt,paralyzed
"die Grundidee, -n",basic idea
künstlich,artificial
die Massenproduktion (Singular),mass production
"der Nerv, -en",nerve
der Optimismus (Singular),optimism
die Passivität (Singular),passivity
reich,rich
"der Rollstuhl, Rollstühle",wheelchair
"die Sekunde, -n",second
"das Skirennen, -",skiing race
"der Schlachthof, Schlachthöfe",slaughterhouse
spüren,to sense
"der Therapeut, -en",therapist (m.)
"überwinden (überwindet, überwand, hat überwunden)",to overcome
der Umgang (Singular),handling
unterhalb,below
"das Unternehmen, -","business, undertaking"
"die Verletzung, -en",injury
vermitteln,"to convey, impart"
der Wille (Singular),will
"die Wirbelsäule, -en",spine
wertvoll,valuable
"die Wurstwarenfabrik, -en",sausage factory
"der Zweifel, -",doubt
die Achtung (Singular),attention
unregelmäßig,irregular
"das Altersheim, -e",retirement home
"der/die Angehörige, -n","member, relative"
die Arbeitserlaubnis (Singular),work permit
arbeitslos,unemployed
"die Droge, -n",drug
"die Fortbildung, -en",further education; continuing education
getrennt leben,to live separated
kündigen,to resign; to dismiss
"der Nichtraucher, -",non-smoker
pflegen,"to care for, maintain"
"die Rente, -n (Er geht in Rente. Er bekommt Rente.)",pension (He is retiring. He gets a pension.)
"die Scheidung, -en",divorce
"die Schwangerschaft, -en",pregnancy
selbstständig machen (sich),to be self-employed
"sterben (stirbt, starb, ist gestorben)",to die
"die Steuer, -n",tax
süchtig (nach) (nach einer Droge süchtig werden),addicted (to become addicted to a drug)
die Teilzeit (Singular) (Sie arbeitet Teilzeit.),part-time (She works part time.)
"die Therapie, -n",therapy
"der Tod, -e",death
Vergangenes,past
"der Anhang, Anhänge",appendix
"der Autounfall, Autounfälle",car accident
"die Innenstadt, Innenstädte",downtown
tauschen,to trade
"die Trambahn, -en","streetcar, tram"
die Übungssache (Singular),matter of practice
die Wirklichkeit (Singular),truth
"das Zitat, -e",quote
"zusammentreffen (trifft zusammen, traf zusammen, ist zusammengetroffen)","to meet, to encounter"
erstellen,"to construct, draw up"
"abraten (rät ab, riet ab, hat abgeraten)",to advise against
bevor,before
dagegen,against s.t.
erwischen,"to catch, nab"
"der Schmetterling, -e",butterfly
tätig (tätig sein),"active, working (to work)"
verknallt,to have a crush on s.o.
während (+ Genitiv/Dativ),"during, throughout"
"der Ausschnitt, -e","excerpt, clipping"
"die Beziehung, -en",relationship
"die Krise, -n",crisis
"der Neuanfang, Neuanfänge",new beginning
Positives,positive thing
"die Liebesgeschichte, -n",love story
niemals,never
"wegziehen (zieht weg, zog weg, ist weggezogen) (Sie zieht weg.)",to move away (She moves away.)
"ziehen (zu/nach) (zieht, zog, ist gezogen) (Sie zieht nach Italien. Sie zieht zu ihrem Mann.)",to move (She is moving to Italy. She is going to live with her husband.)
sodass,so that
vermissen,to miss s.o.
"das Dilemma, -s",dilemma
"zurückbekommen (bekommt zurück, bekam zurück, hat zurückbekommen)",to get back
"zwar (zwar … aber) (Ich verstehe zwar Spanisch, aber ich spreche nicht gut.)","here: though (Though I understand Spanish, I don’t speak it well.)"
die Erziehung (Singular),"education, training"
verletzen (sich),to injure
"das Zebra, -s",zebra
"der Zitronenbaum, Zitronenbäume",lemon tree
die Bundesrepublik (Singular),federal republic
geteilt,divided
"die Wende, -n",turn
"anstehen (steht an, stand an, hat angestanden)",to stand in line
die DDR (Singular),German Democratic Republic
demokratisch,democratic(ally)
errichten,"to establish, set up"
"fliehen (flieht, floh, ist geflohen)","to flee, escape"
"die Gründung, -en",establishment
"die Republik, -en",republic
"der Weltkrieg, -e",world war
ausgestattet,equipped
"die Demokratie, -n",democracy
einzigartig,"unique, singular"
entgegenströmen,to stream toward
"erfahren (erfährt, erfuhr, hat erfahren)","to learn, find out, experience"
"fallen (fällt, fiel, ist gefallen)",to fall
fordern,to demand
die Geschichte (Singular),history
grandios,grandiose
"der Grenzübergang, Grenzübergänge",border crossing
heutig,present-day
Hunderttausende,hundreds of thousands
jubeln,to cheer
klopfen,to knock
"die Menschenmasse, -n","crowd, mass"
"der Plastikbecher, -",pastic cup
reichen,to pass; to hand
"rennen (rennt, rannte, ist gerannt)",to run
"der Sektbecher, -",cup of champagne
"die Sektflasche, -n",champagne bottle
der Sozialkundeunterricht (Singular),social studies class
stolz,proud
"strömen (strömt, strömte, ist geströmt)",to stream
"der Trabi, -s",Trabant
"umarmen (umarmt, umarmte, hat umarmt)","to embrace, hug"
vergleichbar,comparable
"die Wahl, -en (Die Menschenmenge fordert freie Wahlen.)",elections (The masses demand free elections.)
"die Wiedervereinigung, -en",reunion
wildfremd,completely strange
worum,about what
"der Erzähler, -",narrator (m.)
"die Analyse, -n",analysis
bearbeiten,"to work on, process, edit"
"die Briefträgerin, -nen",postal carrier (f.)
"die Chemikerin, -nen",chemist (f.)
die Elektronik (Singular),electronics
"die Fremdsprachenkenntnis, -se",knowledge of foreign languages
geregelt,"controlled, orderly, settled"
"das Labor, -s",laboratory
"die Mechatronikerin, -nen",mechanical electronics engineer (f.)
"das Metall, -e",metal
"ernst nehmen (nimmt ernst, nahm ernst, hat ernst genommen)",to take s.o. or s.t. seriously
"die Herausforderung, -en",challenge
regeln,"to regulate, control"
"die Wissenschaftlerin, -nen",scientist (f.)
"die Akte, -n","file, record"
"der Bauer, -n",farmer (m.)
die Gesellschaft (Singular),"company, corporation, society"
"der Händler, -","dealer, trader (m.)"
"der Handwerker, -",artisan (m.)
die Menschenkenntnis (Singular),people skills
"der Politiker, -",politician (m.)
"der Reporter, -",reporter (m.)
"der Richter, -",judge (m.)
"die Schreinerin, -nen",carpenter (f.)
rechnen,to calculate
fortsetzen,"to continue, resume"
"schiefgehen (geht schief, ging schief, ist schiefgegangen)",to go wrong
bekleckern,to stain
"das Diagramm, -e",diagram
"die Lieblingskollegin, -nen",favorite colleague (f.)
parken,to park
schütten (Ich habe Kaffee über die Tastatur geschüttet.),to spill (I’ve spilled coffee over the keyboard.)
"verzeihen (verzeiht, verzieh, hat verziehen)","to forgive, excuse, pardon"
die Verzeihung (Singular),"forgiveness, pardon"
"die Wahrheit, -en",truth
"ankommen (auf + Akk.) (es kommt darauf an, kam darauf an, ist darauf angekommen)",to arrive
"die Bewerbung, -en",application
"der Arbeitgeber, -",employer
aussagekräftig,meaningful
"die Bescheinigung, -en",certificate
"der Bewerber, -",applicant
"das Bewerbungsschreiben, -",cover letter
"das Bewerbungstraining, -s",job application training
die Bewerbungsunterlagen (Plural),application materials
darauf (darauf freuen) (Er freut sich darauf!),here: to that (to look torward to) (He is looking toward to it.)
darin (Hier ist der Brief. Darin sind alle wichtigen Informationen.),in there (Here is the letter. All the information is in there.)
"das Dokument, -e",document
"die Institution, -en",institution
losschicken,to send off
"die Mail-Adresse, -n",mailing address
"das PDF-Dokument, -e",PDF document
"der Personalchef, -s",HR director
relevant,relevant
selbstverständlich,obvious(ly)
seriös,"serious, respectable"
speziell,"special(ly), specific(ally)"
der Stand (Singular),"status, standing"
"die Unterlage, -n","document, base"
"unterscheiden (unterscheidet, unterschied, hat unterschieden)","to distinguish, differentiate"
"das Vorstellungsgespräch, -e",interview
zukünftig,future
"beziehen (sich) (auf + Akk.) (bezieht sich, bezog sich, hat sich bezogen)",to refer
freuen (sich) (über + Akk.) (Ich freue mich über das gute Ergebnis.),to be pleased (I’m pleased about the good result.)
verzichten,"to abstain, forgo"
die Jobsuche (Singular),job search
die Kursunterlagen (Plural),course documents
längerfristig,long-term
nachmittags,afternoons
"der Nachtportier, -s",night porter (m.)
"der Stundenlohn, Stundenlöhne",hourly wage
"der Teilzeitjob, -s",part-time job
"der Bereich, der, -e","area, sector"
besetzt,"occupied, taken"
"der Interessent, -en",interested party
vereinbaren,"to agree on, arrange"
"vorbeikommen (kommt vorbei, kam vorbei, ist vorbeigekommen)","to come by, drop in"
"die Arbeitsweise, -n","way of working, working method"
die Aufmerksamkeit (Singular),attention
die Aufregung (Singular),excitement
die Beurteilung (Singular),"assessment, judgment"
"die Branche, -n",business field
"die Busverspätung, -en",bus delay
"der Faktor, Faktoren",factor
inhaltlich,relevant
konservativ,conservative(ly)
die Körperhaltung (Singular),posture
"die Körpersprache, -n",body language
vor lauter (Ich habe vor lauter Aufregung alles vergessen.),"here: out of sheer, total (Out of sheer excitement, I forgot everything.)"
locker,"casual(ly), loose(ly)"
meistern,to master
menschlich,human(ly)
"das Outfit, -s",outfit
"die Persönlichkeit, -en",personality
signalisieren,to signal
verhindern,"to prevent, avert"
"die Werbeagentur, -en",advertising agency
das Recycling (Singular),recycling
"die Region, -en",region
"der Transportweg, -e",transport corridor
die Umwelt (Singular),environment
"die Verpackung, -en",packaging
"der Anteil, -e (ein hoher Anteil)",amount (a large amount)
"der Band, Bände",here: volume
das Bio-Fleisch (Singular),"organic meat, naturally raised meat"
dick,thick
der Fleischkonsum (Singular),meat consumption
"die Gebühr, -en","fee, tax"
die Gesamtbevölkerung (Singular),total population
"der Güterzug, Güterzüge",freight train
die Herkunft (Singular),origin
"das Huhn, Hühner",chicken
konstant,constant(ly)
"die Marke, -n",brand
"der Marktanteil, -e",market share
das Material (Singular),material
"die Menge, -n","amount, quantity"
mitrechnen,"to add in, include"
"der Mond, -e",moon
die Müllabfuhr (Singular),trash removal
die Mülltrennung (Singular),waste sorting
"das Nahrungsmittel, -",foodstuff
der Papierverbrauch (Singular),paper use
die Produktion (Singular),production
rein,pure(ly)
relativ,relative(ly)
"das Schaf, -e",sheep
statistisch,statistically
"die Tonne, -n",ton
transportieren,to transport
"der Trend, -s",trend
das Trinkwasser (Singular),drinking water
der Umweltschutz (Singular),environmental protection
"das Verpackungsmaterial, -materialien",packaging material
verspeisen,to consume
"die Ziege, -n",goat
zirka (= circa),"about, circa"
"die Bettdecke, -n","bedcover, duvet"
"die Büchse, -n",tin can
"die Drogerie, -n",drug store
"die Decke, -n","ceiling, blanket"
"Eisenbahn, die, -n",train
elektrisch,electric(ally)
"der Fisch, -e",fish
"die Frucht, Früchte",fruit
"der Hut, Hüte",hat
"die Kerze, -n",candle
"die Vase,-n",vase
"die Zahnbürste, -n",toothbrush
"die Zahncreme, -s",toothpaste
"der Begriff, -e",term
berechnen,to calculate
"der Fußabdruck, Fußabdrücke",footprint
ökologisch,ecological(ly)
"das Öko-Duell, -s/-e",eco-duel
"die Badewanne, -n",bathtub
behandeln,to treat
"die Chemikalie, -n",chemical
"die Duschzeit, -en",shower duration
"der E-Book-Leser, -",e-book reader
"der E-Book-Reader, -",e-book reader
effizient,efficient(ly)
das Erdöl (Singular),"crude oil, petroleum"
gedruckt,printed
"der Geschirrspüler, -",dishwasher
"der Gewinner, -",winner
herstellen,"to produce, manufacture"
"die Maschine, -n",machine
"die Ökobilanz, -en","ecobalance, life-cycle assessment"
"die Papiertüte, Papiertüten",paper bag
"die Plastiktüte, -n",plastic bag
"reißen (reißt, riss, ist gerissen)",to tear
"die Stofftasche, -n",cloth bag
"das Treibhausgas, -e",greenhouse gas
umweltfreundlich,environmentally friendly
verbrauchen,"to consume, use up"
die Wahl (Singular) (Eine Stofftasche ist die beste Wahl.),choice (A cloth bag is the best choice.)
der Wasserverbrauch (Singular),water consumption
"der Zeitraum, Zeiträume",time period
das Autofahren (Singular),car driving
"das Modell, -e",model
"die Aktion, -en","action, campaign"
"das Argument, -e",argument
contra,"against, con"
"die Diskussion, -en",discussion
"der/die Einzelne, -n (Jeder Einzelne kann etwas tun.)",individual (Everyone can do s.th.)
"das Gegenteil, -e","contrary, opposite"
"das Gesetz, -e",law
"der Staat, -en",state
"der Standpunkt, -e","position, viewpoint"
überzeugt,convinced
"verhalten (sich) (verhält, verhielt, hat verhalten) (das Verhalten)","to behave, restrain (behavior)"
"widersprechen (widerspricht, widersprach, hat widersprochen)","to contradict, disagree"
"die Briefmarke, -n",postage stamp
"der Briefumschlag, Briefumschläge",envelope
"der Geldschein, -e","bill, banknote"
das Geschenkpapier (Singular),wrapping paper
abgeschliffen,"ground, mulched"
Ägypten,Egypt
alltäglich,"commonplace, ordinary"
"annehmen (nimmt an, nahm an, hat angenommen)","to accept, take on"
ausdrucken,to print out
"der Chinese, -n",Chinese person
davor,before that
dünn,thin(ly)
"der Einfluss, Einflüsse",influence
entwickeln,to develop
"die Erfindung, -en",invention
erstmals,for the first time
"der Experte, -n",expert (m.)
geheim,secret(ly)
die Herstellung (Singular),manufacture
"die Holzfaser, -n",wood fiber
"die Illusion, -en",illusion
"der Klebezettel, -",sticky note
"die Massenware, -n",mass-produced commodity
"die Methode, -n",method
die Papierherstellung (Singular),paper manufacture
papierlos,paperless(ly)
die Pappe (Singular),cardboard
der Papyrus (Singular),papyrus
"die Pflanzenfaser, -n",plant fiber
"der Pflanzenstiel, -e",plant stem
pressen,to press
prophezeien,to predict
"die Scheibe, -n","disk, sheet, slice"
"das Schreibmaterial, -ein",writing material
sicherlich,sure(ly)
"der Stofflumpen, -",cloth rags
"die Tontafel, -n",clay tablet
der Verbrauch (Singular),consumption
verbreiten,"to spread, disseminate"
vor allem,"above all, particularly"
"das Werbematerial, -materialien",advertising material
"der Stoff, -e","cloth, textiles"
die Wolle (Singular),wool
"das Leder, -",leather
"der Affe, -n","monkey, ape"
"der Automat, -en","machine, vending machine"
"die Bezeichnung, -en","designation, symbol"
"der Diplomat, -en",diplomat (m.)
"der Konsument, -en",consumer
"der Löwe, -n",lion
"der Pädagoge, -n",pedagogue (m.)
"der Praktikant, -en","intern, trainee (m.)"
"heben (hebt, hob, hat gehoben)",to lift
monoton,monotonous(ly)
"der Sprechrhythmus, Sprechrhythmen",rhythm of speech
bewölkt,cloudy
blitzen,to flash lightning
donnern,to thunder
feucht,"moist, humid"
"das Gewitter, -",thunderstorm
hageln,to hail
neblig,foggy
nieseln,to drizzle
regnerisch,rainy
schwül,muggy
sonnig,sunny
stürmisch,stormy
wolkig,cloudy
"die Höchsttemperatur, -en",maximum temperature
das Regenrisiko (Singular),chance of rain
"das Risiko, Risiken","risk, chance"
"schütten (Das Wetter ist schlecht, es schüttet.)","to pour (The weather is bad, it’s pouring.)"
"der Smalltalk, -s",small talk
die Wetterbesserung (Singular),weather improvement
"die Vorhersage, -n",forecast
"die Wettervorhersage, -n",weather forecast
das Gedächtnis (Singular),memory
"die Wortfamilie, -n",word family
"der Sturm, Stürme",storm
alle (alle möglichen) (Die Leute pflanzen alle möglichen Blumen.),all (all kinds of) (People are planting all kinds of flowers.)
"der Anwohner, -",local residents
"aussterben (stirbt aus, starb aus, ist ausgestorben)",to die off
der Autoverkehr (Singular),vehicle traffic
"die Blumenzwiebel, -n",flower bulb
Dutzende,dozens
"der Eimer, -",bucket
das Engagement (Singular),"commitment, involvement"
"der Frosch, Frösche",frog
gesperrt,"closed, blocked"
das Guerilla Gardening (Singular),guerilla gardening
handeln (sich) (um + Akk.) (Es handelt sich um öffentliche Flächen.),to concern (It concerns public places.)
illegal,illegal(ly)
irgendjemand,someone
irgendwann,sometime
"die Kröte, -n",turtle
"die Krötenwanderung, -en",turtle migration
"die Mühe, -n",effort
opfern,to sacrifice
pflanzen,to plant
retten,to rescue
"die Straßenseite, -n",side of the street
"der Teich, -e",pond
"der Tunnel, -s",tunnel
"vergraben (vergräbt, vergrub, hat vergraben)",to bury
verschönern,to beautify
das Verständnis (Singular),"understanding, sympathy"
vielerorts,in many places
die Vorfahrt (Singular),right-of-way
die Astrologie (Singular),astrology
"die Handlinie, -n",hand line
"das Schicksal, -e",fate
"der Spruch, Sprüche",saying
"das Sternzeichen, -",star sign
"die Tradition, -en",tradition
die Antike (Singular),antiquity
"der Astrologe, -n",astrologer (m.)
"die Auseinandersetzung, -en","discussion, dispute"
äußerst,"extremely, exceedingly"
"die Bauernregel, -n",weather lore
beschäftigen,"to busy, occupy"
das Blei (Singular),lead
das Bleigießen (Singular),lead casting
"der Boden, Böden","floor, bottom, ground"
"der Brauch, Bräuche",custom
"der Charakter, -",character
derzeit,at present
"der/die Erste, -n",first one
"die Figur, -en",figure
flüssig,fluid(ly)
fruchtbar,"fruitful, prolific"
das Gebäck (Singular),cookie
geduldig (geduldig sein),patient(ly) (to be patient)
"das Gegenüber, s, -",counterpart
"der Glückskeks, -e",fortune cookie
das Handlesen (Singular),hand reading
heutzutage,nowadays
"das Horoskop, -e",horoscope
indianisch,Indian
das Kaffeepulver (Singular),coffee grounds
der Kaffeesatz (Singular),"coffee grounds, dregs"
"die Kaffeetasse, -n",coffee cup
kleben,to stick
die Lebensdauer (Singular),lifespan
"die Linie, -n",line
der Mars (Singular),Mars
mithilfe (+ Genitiv),with help of; here:using
das Mokkapulver (Singular),coffee grounds
"das Muster, -",pattern
"die Partnerschaft, -en",partnership
respektieren,to respect
der Rückhalt (Singular),"support, backing"
"der Schatten, -",shadow
"der Skorpion, -e","Scorpio, scorpion"
teilen (Ich teile Ihre Meinung nicht.),to share (I don’t share your opinion.)
unschlagbar,"unbeatable, invincible"
"vermeiden (vermeidet, vermied, hat vorhersagen die Waage, -n zweifeln die Zukunftsprognose, -n die Jungfrau, -en der Krebs, -e der Schütze, -n der Steinbock, Steinböcke der Stier, -e der Wassermann, Wassermänner der Widder, - der Zwilling, -e befragen der Erzieher, - fassen (Ich fasse jeden Morgen einen guten Vorsatz für den Tag.)","to avoid, avert to foresee, forecast Libra, scales to doubt, be skeptical future forecast Virgo Cancer, crab Sagittarius, archer Capricorn Taurus, bull Aquarius Aries Gemini, twin to question, consult educator, tutor (m.) to take hold of, grip here: to make (Every morning I make a good resolution for the day.)"
"der Leser, -","reader, lecturer (m.)"
Süßes,sweet
"der Vorsatz, Vorsätze",resolution
"vorhaben (hat vor, hatte vor, hat vorgehabt)",to have planned
"vornehmen (sich) (nimmt vor, nahm vor, hat vorgenommen)",to carry out
da vorne (da hinten),over there (over there)
"der Wurf, Würfe",throw
würfeln,to roll dice
"das Freizeitangebot, -e",recreational activity
das Älterwerden (Singular),aging
"das Bedürfnis, -se","need, desire"
die Betreuung (Singular),"care, supervision"
die Bevölkerung (Singular),population
darunter,among them
dicht,dense
"die Erholungsmöglichkeit, -en",recreational opportunity
die Fachleute (Plural),professionals
"das Fünftel, -",fifth
"die Ganztagsschule, -n",day school
kulturell,cultural(ly)
olympisch,olympic
politisch,political(ly)
"die Pressekonferenz, -en",press conference
"das Radwegnetz, -e",network of bicycle paths
repräsentieren,to represent
wirtschaftlich,economic(ally)
"die Wohnform, -en",form of housing
der Wohnungsbau (Singular),residential building
"das Zukunftscamp, -s",future camp
"der Altersdurchschnitt, -e",average age
berücksichtigen,to consider
"der Fahrradfahrer, -",cyclist
"die Wohnsituation, -en",living situation
"aufwachsen (wächst auf, wuchs auf, ist aufgewachsen)",to grow up
"der Bürger, -",citizen
"die Olympiade, -n",Olympic games
die Bildung (Singular),"education, formation"
"die Verkehrssituation, -en",traffic situation
"der Wohnraum, Wohnräume",living space
"der Rhythmus, Rhythmen",rhythm
"der Refrain, -s",refrain
"der Sieger, -","winner, victor"
auswendig,from memory
der Himmel (Singular),sky
hinhören,to listen closely
innere/inneres,inner
irren,"here: to stray, roam about"
"das Labyrinth, -e",labyrinth
mithören,to listen with s.o.
"mitsingen (singt mit, sang mit, hat mitgesungen)",to sing with s.o.
der Mut (Singular),courage
trauen (sich),to trust
wagen,"to dare, risk"
bereit,prepared
besiegen,to defeat
das Dunkle (Singular),darkness
das Helle (Singular),light
kämpfen,to fight
"der Bass, Bässe",bass
"der Gesang, Gesänge",singing
"das Keyboard, -s",keyboard
"das Schlagzeug, -e","drums, percussion"
"die Single, -s",single
Amerika,America
"der Song, -s",song
"die Beziehungskiste, -n",relationship
einparken,to park
nerven,to annoy
gepflegt,"neat, refined"
der Humor (Singular),humor
kleiden (sich),to dress
natürlich (Ohne Make-up siehst du sehr natürlich aus.),natural (You look very natural without makeup.)
schlank,slender
"die Traumfrau, -en",dream woman
"der Traummann, -männer",dream man
"die Studie, -n",study
"die Einschätzung, -en","assessment, estimation"
ängstlich,"anxious(ly), fearful(ly)"
blond,blond
dunkelhaarig,dark-haired
faul,"lazy, lazily"
"klug, klüger, am klügsten","wise(ly), clever(ly)"
kräftig,strong(ly)
mutig,brave(ly)
optimistisch,optimistic(ally)
pessimistisch,pessimistic(ally)
"schwach, schwächer, am schwächsten",weak(ly)
unehrlich,dishonest(ly)
untreu,unfaithful(ly)
unzuverlässig (unzuverlässig sein),unreliable (to be unreliably)
"das Patchwork, -s",patchwork
"die Patchwork-Familie, -n",patchwork family
bald darauf,soon thereafter
"die Beratung, -en","advice, consultation"
"die Beratungsstelle, -n",counseling center
"das Ende, -n (am Ende sein)",end (to be at the end)
jetzig,"current, present"
"klarkommen (kommt klar, kam klar, ist klargekommen) (Damit komme ich nicht klar!)",to cope (I can’t cope with this.)
"der Kompromiss, -e",compromise
"scheiden lassen (sich) (von + Dat.) (lässt sich scheiden, ließ sich scheiden, hat sich scheiden lassen)",to divorce
setzen (Grenzen setzen),to set (to set boundaries)
"der Sponsor, -en",sponsor
"der Streit, -e","dispute, argument"
tagelang,for days
verwandt,related
wahnsinnig,"insane(ly), crazy, crazily"
"zusammenbleiben (bleibt zusammen, blieb zusammen, ist zusammengeblieben)",to stay together
zusammenleben,to live together
"einziehen (zieht ein, zog ein, ist eingezogen) (Elisa zieht bei Tom und Nina ein.)",to move in (Elisa is moving in with Tom and Nina.)
trennen (sich),to separate
die Gegenwart (Singular),"present time, presence"
die Vergangenheit (Singular),past
abspülen,to rinse
ätzend,"caustic(ally), lousy, lousily"
"der Blödmann, Blödmänner","buffoon, blockhead"
"die Dusche, -n",shower
endlos,endless(ly)
die Halbzeit (Singular) (Halbzeit im Urlaub),halftime (Vacation halftime)
krass (Das war echt krass!),"crass, harsh (This was really crass!)"
nachdem,after
"die Neuigkeit, -en",news
schick (sich schick machen),"chic, fancy (to make oneself fancy)"
worüber,about what
"bis (Ich warte, bis du kommst.)","until, up to (How long will it be until you come?)"
erschöpft,exhausted
eskalieren,to escalate
"gefallen lassen (sich) (lässt sich gefallen, ließ sich gefallen, hat sich gefallen lassen)","to put up with, tolerate"
"gelingen (gelingt, gelang, ist gelungen)",to succeed
"das Gift, -e",poison
"die Goldwaage, -n (jedes Wort auf die Goldwaage legen)","balance, scales (to overanalyze every word)"
"die Harmonie, -n",harmony
"die Ich-Aussage, -n",I-statement
die Kritik (Singular),criticism
"nachgeben (gibt nach, gab nach, hat nachgegeben)","to give in, yield"
"ruhig bleiben (bleibt ruhig, blieb ruhig, ist ruhig geblieben)",to stay calm
"schweigen (schweigt, schwieg, hat geschwiegen)",to remain silent
tolerant,tolerant(ly)
geeignet,"suitable, suitably"
diplomatisch,diplomatic(ally)
"das Streitgespräch, -e","argument, debate"
undiplomatisch,undiplomatic(ally)
"die Aufforderung, -en","request, challenge"
"arm, ärmer, am ärmsten",poor(ly)
"das Atelier, -s",studio
beeinflussen,to influence
erkämpfen,"to win, secure"
finanziell,financial(ly)
die Gewalt (Singular),"force, violence"
"der Kampf, Kämpfe","battle, fight"
kommerziell,commercial(ly)
komponieren,to compose
"der Komponist, -en",composer (m.)
"der Kunsthistoriker, -",art historian (m.)
die Medienbranche (Singular),media industry
"die Pianistin, -nen",pianist (f.)
"die Schauspielkarriere, -n",acting career
unabhängig,independent(ly)
"der Verleger, -",publisher (m.)
voneinander,from one another
weiterhin (Ich möchte weiterhin arbeiten.),further (I want to carry on working.)
zunächst,for the time being
"zwingen (zu + Dat.) (zwingt, zwang, hat gezwungen)",to force
bzw. (beziehungsweise),"i.e. (or rather, that is)"
"da (Er ist sehr engagiert, da er dieses Thema wichtig findet.)","here: as (He is very engaged, as he finds this subject very important.)"
dokumentieren,to document
"die Ehe, -n",marriage
erhalten sein,to be preserved
"die Inspiration, -en",inspiration
"die Konzertreise, -n",concert tour
"die Sammlung, -en",collection
die Moral (Singular),"moral, lesson"
"abziehen (zieht ab, zog ab, ist abgezogen) (Lachend zog der Hirsch ab.)","to move away, pull off (The deer went off, laughing.)"
"beißen (beißt, biss, hat gebissen)",to bite
die Beute (Singular),"prey, quarry"
"die Fabel, -n",fable
"der Fuchs, Füchse",fox
"der Hirsch, -e","deer, stag"
"die Jagd, -en",hunt
"der/die Klügere, -n",smarter one
kraftlos,powerless(ly)
lachend,laughing(ly)
"die Lebensweisheit, -en",worldly wisdom
miteinander,with each other
verbissen,"dogged(ly), grim(ly)"
wehren (sich),to defend
zurückbrüllen,to yell back
"zusammenbrechen (bricht zusammen, brach zusammen, ist zusammengebrochen)",to collapse
aussagen,"to testify, state"
dorthin,there
eilig,"hasty, hastily"
"fressen (frisst, fraß, hat gefressen)","to feed, eat"
illustrieren,to illustrate
loben,to praise
"der Rabe, -n",crow
schmeicheln,to flatter
"der Schnabel, Schnäbel",beak
"stehlen (stiehlt, stahl, hat gestohlen)",to steal
vorsingen,to sing
"die Fliege, -n",fly
"die Giraffe, -n",giraffe
"das Krokodil, -e",crocodile
"die Mücke, -n",mosquito
"die Markierung, -en",marking
"die Rede, -n",speech
wörtlich,literal(ly)
beachten,"to note, observe"
anstrengen (sich),"to strain, exert"
ausreichend,sufficient(ly)
"die Biene, -n",bee
blutig,"bloody, bloodily"
eincremen,to apply cream
"der Knödel, -",German dumpling
die Pasta (Singular),pasta
"der Schweinebraten, -",roast pork
"der Eiswürfel, -",ice cube
"das Gehirn, -e",brain
die Gymnastik (Singular),gymnastics
"das Instrument, -e",instrument
"das Kreuzworträtsel, -",crossword puzzle
kühlen,to cool
lauwarm,lukewarm(ly)
lutschen,to suck on
"der Rettungsdienst, -e",ambulance service
roh,raw
schnarchen,to snore
stärken (das Herz stärken),"to strengthen, reinforce (to strengthen the heart)"
"das Steak, -s",steak
"stechen (sticht, stach, hat gestochen)",to sting
verjagen,to chase away
verschlucken,to swallow
"die Auswertung, -en",evaluation
einschätzen,to assess
"das Krankenzimmer, -",hospital room
nötig,"necessary, required"
notwendig,"necessary, required"
warnen (vor + Dat.),to warn
auflösen,"to dissolve, resolve"
"einnehmen (nimmt ein, nahm ein, hat eingenommen)",to take in
"der Facharzt, -ärzte",medical specialist
"die Flüssigkeit, -en",fluid
"der Hausarzt, -ärzte","general practitioner, family doctor"
"die Notaufnahme, -n",emergency room
"das Pflaster, -",bandage
"die Schachtel, -n","carton, case"
schaden,"to damage, harm"
"schlagen (schlägt, schlug, hat geschlagen)","to beat, hit"
die Schmerzen (Plural),pain
"das Schmerzmittel, -",pain reliever
senken,"to reduce, lower"
untersuchen,"to examine, investigate"
"verschreiben (verschreibt, verschrieb, hat verschrieben)",to prescribe
"die Versichertenkarte, -n",insurance card
"messen (misst, maß, hat gemessen)",to measure
"die Spritze, -n","injection, syringe"
glatt,smooth(ly)
"der Pfleger, -",nurse (m.)
"die Pflegerin, -nen",nurse (f.)
schwindlig,"dizzy, dizzily"
unbequem,uncomfortable
"das Haar, -e",hair
kämmen (sich),to comb
"das Partnerinterview, -s",partner interview
"die Besuchszeit, -en",visiting hours
die Wertsachen,valuables
"der Alarmknopf, Alarmknöpfe",alarm button
"der Apparat, -e","appratus, machine"
aufbewahren,"to store, keep"
aufteilen,"to divide, split up"
"der Bademantel, -mäntel",bathrobe
beschildert,marked with signs
"betragen (beträgt, betrug, hat betragen)",to come to
"die Chipkarte, -n","smart card, keycard"
"die Diät-Assistentin, -nen",dietary assistant
diätisch,dietary
ebenso,"as well, likewise"
eignen (sich) (für + Akk.),to be suitable for
"empfangen (empfängt, empfing, hat empfangen)",to receive
"die Entlassung, -en",discharge
"erhalten (erhält, erhielt, hat erhalten)","to get, obtain"
die Ernährung (Singular),nutrition
"die Fernbedienung, -en",remote control
das Festnetz (Singular),landline
"die Gebrauchsanweisung, -en",user‘s manual
"die Hauptmahlzeit, -en",main meal
"das Infoblatt, -blätter",fact sheet
inkl. (inklusive),incl. (inclusive)
"der Klinikaufenthalt, -e",hospital stay
"das Küchenteam, -s",kitchen staff
"das Mineralwasser, -",mineral water
"das Nachthemd, -en",nightgown
"der Notausgang, -ausgänge",emergency exit
"der Notfall, Notfälle",emergency
"die Nutzung, -en",use
prinzipiell,in principle
die Rücksicht (Singular),consideration
"die Rufnummer, -n",telephone number
sämtlich,all
"der Schlafanzug, -anzüge",pajamas
sichtbar,"visible, visibly"
"der Trainingsanzug, -anzüge",track suit
vegetarisch,vegetarian
die Verfügung (Singular) (zur Verfügung stehen),"available, disposal (to be at one‘s disposal)"
"der Zimmernachbar, -n",next-door neighbor
"die Zimmertür, -en",room door
zuständig,responsible
"die Zwischenmahlzeit, -en",snack
als auch (sowohl … als auch),here: and; as well as (both … and)
als ob,as if
der Alzheimer (Singular),Alzheimer‘s Disease
amerikanisch,American
andererseits,on the other hand
"der Anlass, Anlässe","reason, cause"
auslösen,"to trigger, release"
"die Beerdigung, -en",funeral
beobachten,to observe
beruhigend,"soothing(ly), reassuring(ly)"
daher,hence
"die Dur-Tonart, -en",major key
einerseits,on the one hand
entweder (entweder … oder),either (either … or)
feierlich,ceremonial(ly)
die Filmbranche (Singular),film industry
"die Filmmusik, -en","film score, film soundtrack"
"der Forscher, -",researcher (m.)
gelangen,"to reach, attain"
"Heavy Metal (Singular, ohne Artikel)",heavy metal
"der Käsekuchen, -",cheesecake
"leiden (an + Dat.) (leidet, litt, hat gelitten) (Meine Oma leidet an Alzheimer.)",to suffer (My grandmother suffers from Alzheimer‘s Disease.)
"die Liebesszene, -n",love scene
"Metal (Singular, ohne Artikel) (= Heavy Metal)",metal (= heavy metal)
"Moll (Singular, ohne Artikel)",minor key
der Musikgeschmack (Singular),music taste
"das Musikinstrument, -e",musical instrument
das Musikstudium (Singular),study of music
"der Puls, -e","beat, pulse"
"die Reklame, -n",advertisement
"die Rolle, -n (eine wichtige Rolle spielen)",role (to play an important role)
"Salsa (Singular, ohne Artikel)",salsa music
"sinken (sinkt, sank, ist gesunken)","to fall, sink"
sobald,as soon as
sowohl (sowohl … als auch),both
"der Staatsempfang, -empfänge",state reception
"Techno (Singular, ohne Artikel)",techno music
tragisch,tragic(ally)
verantwortlich,"responsible, responsibly"
verarbeiten,"to process, handle"
vermutlich,presumably
weder … noch,neither … nor
würzig,"aromatic, spicy"
"das Forschungsthema, -themen",research topic
die Heilung (Singular),"cure, healing"
"der Kopf, Köpfe (durch den Kopf gehen)",head (to go through the head)
"die Einschränkung, -en","restriction, limitation"
"die Flöte, -n",flute
"die Geige, -n",violin
"das Klavier, -e",piano
"die Violine, -n",violin
"der Ohrwurm, -würmer","earworm, catchy song"
abgeschlossen,"completed, self-contained"
"die Äußerung, -en",statement
gleichbleibend,"consistent, steady"
"die Nachfrage, -n",demand
steigend,"rising, increasing"
"das Knie, - (in die Knie gehen)",knee (to get on one‘s knees)
"anhaben (hat an, hatte an, hat angehabt)","to wear, have on"
"die Gedächtnisleistung, -en",memory skills
"die Kursstunde, -n",class hour
woran (Woran erinnerst du dich?),about what (What do you remember about it?)
involviert,involved
"der Lerncoach, -s",learning coach
motiviert,motivated
"die Programmankündigung, -en",program announcement
"die Radiodiskussion, -en",radio discussion
das Sprachenlernen (Singular),language acquisition
"der Studiogast, -gäste",studio guest
dauerhaft,permanent(ly)
"die Lernmenge, -n",amount to learn
"der Moderator, Moderatoren",moderator
der Stoff (Singular) (Ich muss noch so viel Stoff für die Prüfung lernen.),"material, stuff (I still need to learn so much material for the test.)"
"die Strategie, -n",strategy
"die Tageszeit, -en",time of day
"ausdenken (sich) (denkt sich aus, dachte sich aus, hat sich ausgedacht)","to devise, think up"
fantasievoll,imaginative(ly)
überprüfen,"to check, verify"
ungewöhnlich,unusual(ly)
"der Lerntipp, -s",learning tip
assoziieren,to associate
"der Lernweg, -e",learning track
ausgleichen,"to compensate, even out"
ausnahmslos,without exception
ausschließlich,exclusive(ly)
bemühen (sich) (um + Akk.),"to strive, trouble"
beteiligen (sich) (an + Dat.),to participate
"der Betreuer, -",supervisor
dennoch,nevertheless
der Druck (Singular),pressure
"einbringen (bringt ein, brachte ein, hat eingebracht)",to bring in
entdecken,to discover
"die Entwicklung, -en",development
erarbeiten,to work for
"das Feedback, -s (Feedback geben/erhalten/ bekommen)",feedback (to give/receive/get feedback)
"die Förderung, -en","encouragement, advancement"
"die Gesamtschule, -n",comprehensive school
"das Halbjahr, -e",half year
"der Hinweis, -e","clue, piece of advice"
"der Hirnforscher, -",brain researcher
"die Jahrgangsstufe, -n",grade
jedoch,however
"der Klassenlehrer, -",classroom teacher
laut (Laut aktuellen Forschungen sollten Schüler Freude am Entdecken haben.),"here: according to (According to recent research, students should find joy in discovery.)"
"die Leistung, -en","performance, achievement"
"der Lernbegleiter, -",learning companion
die Lernfreude (Singular),joy of learning
"der Lösungsweg, -e",solution
"der Matheprofi, -s",math pro
"die Nachmittagsstunde, -n",afternoon session
nebeneinander (Wir sitzen nebeneinander.),side by side (We’re sitting side by side.)
offenbar,"apparent(ly), obvious(ly)"
"der Schulpreis, -e",school award
"die Schwäche, -n",weakness
untereinander,among themselves
der Unterrichtsstoff (Singular),teaching material
unterstützen,to support
vertraut machen (sich) (mit + Dat.),to become familiar with
"die Wochenaufgabe, -n",weekly homework
"zugehen (geht zu, ging zu, ist zugegangen) (Hier geht es anders zu als an anderen Schulen.) zutrauen (Niemand hat ihnen das Abitur zugetraut.) das Kunststück, -e anschauen das Auge, -n (ins Auge fallen)","here: to deal with (Here, things are dealt with differently than in other schools.  to have confidence, to believe in something (No one believed that they could get their piece of art, stunt to look at eye (to catch someone‘s eye)"
"die Bahnhofshalle, -n",train station hall
Bosnien,Bosnia
"der Brunnen, -",fountain
"die Burg, -en",castle
"das Detail, -s",detail
ein wenig,a little
"das Exemplar, -e",copy
flüchten,to flee
"die Flüchtlingsfrau, -en",female refugee
"das Gemälde, -",painting
geometrisch,geometric(ally)
gewöhnlich,"usual(ly), ordinary, ordinarily"
"greifen (greift, griff, hat gegriffen)","to grasp, reach for"
das Handwerk (Singular),craft
"hierherkommen (kommt hierher, kam hierher, ist hierhergekommen)",to come here
"hinaufgehen (geht hinauf, ging hinauf, ist hinaufgegangen)",to go up
"die Kaiserin, -nen",empress
"die Kette, -n",necklace
"die Kraft, Kräfte","strength, power"
"der Krieg, -e (Krieg führen)",war (to wage war)
"die Kunsterzieherin, -nen",art teacher (f.)
"das Kunstwerk, -e",artwork
"die Kurve, -n",curve
nähen,"to sew, stitch"
"der Ohrring, -e",earring
"der Quilt, -s",quilt
schätzen (Ich schätze dieses Gemälde sehr.),"to value, estimate (I really value this painting.)"
"die Schmuckdesignerin, -nen",jewelry designer (f.)
schöpfen (Kraft schöpfen),"to draw, summon up (to draw power)"
schräg,"oblique(ly), diagonal(ly)"
senkrecht,"vertical, perpendicular"
"die Statue, -n",statue
"die Stiege, -n (Österreich)",stairs (Austria)
"das Unikat, -e",unique piece
waagerecht,horizontal
"die Brieftasche, -n","wallet, billfold"
"das Eck, -en (Österreich)",corner (Austria)
"der Erdapfel, Erdäpfel (Österreich)",potato (Austria)
"der Fleischer, -",butcher
"der Fleischhauer, - (Österreich)",butcher (Austria)
"das Gasthaus, -häuser",inn
"die Gaststätte, -n",restaurant
"das Kuvert, -s (Österreich)",envelope (Austria)
"der Metzger, -",butcher
"die Ordination, -en (Österreich)",(Austria)
"das Streichholz, -hölzer",match
"der Zünder, - (Österreich)",match (Austria)
"das Zündholz, -hölzer",match
"das Kunstobjekt, -e",artwork
"das Graffito, Graffiti",graffiti
"die Schulklasse, -n",classroom
"der Amateur, -e",amateur
aufführen,"to perform, put on"
ausmachen,to turn off
belastet,burdened
"die Bühne, -n (ein Stück auf die Bühne bringen)",stage (to bring a play to the stage)
diesmal,this time
"der Krankenpfleger, -",nurse (m.)
"der Manager, -",manager
"das Opfer, -",sacrifice
"die Premiere, -n",premiere
das Privatleben (Singular),private life
die Regie (Singular),direction
stumm,"mute(ly), quiet(ly)"
die Theaterleute (Plural),theater professionals
"das Theaterstück, -e",play
"die Aufführung, -en","performance, show"
"die Ausstattung, -en",equipment
"der Bart, Bärte",beard
beleuchten,to light up
"die Frisur, -en",haircut
"die Kulisse, -n",backdrop
das Lampenfieber (Singular),stage fright
"die Lehne, -n","backrest, armrest"
"die Nähmaschine, -n",sewing machine
"der Scheinwerfer, -","spotlight, headlight"
die Schminke (Singular),makeup
schminken,to make up
"das Talent, -e",talent
"der Terminkalender, -",appointment calendar
"die Theaterbühne, -n",theatrical stage
"die Tragödie, -n",tragedy
vorhanden,"existing, available"
zaubern,to conjure
"auftreten (tritt auf, trat auf, ist aufgetreten)","to occur, appear"
"das Ballett, -s",ballet
"die Broschüre, -n",brochure
"das Büfett, -s",buffet
"der Einfall, Einfälle","incidence, idea"
"die Garderobe, -n",wardrobe
inszenieren,"to stage, direct"
"die Qualifikation, -en",qualification
"die Schauspielschule, -n",acting school
"der Tanz, Tänze",dance
"der Tänzer, -",dancer
"der Theaterregisseur, -e",theater director
"das Inserat, -e","advertisement, insert"
erfahren (Wir suchen erfahrene Techniker.),experienced (We are looking for experienced technicians.)
"der Kursraum, -räume",classroom
"die Motto-Party, -s",themed party
"die Musikgruppe, -n",music group
"das Sportteam, -s",sports team
abkaufen,to buy from
"ankommen (kommt an, kam an, ist angekommen) (bei + Dat.) (Die Fotos kommen bei den Besuchern gut an.)","to arrive, come across (The photos were well-received by the visitors.)"
"die Auktion, -en",auction
"der Auktionator, Auktionatoren",auctioneer
"der Auktionsbesucher, -",auction visitors
"das Auktionshaus, -häuser",auction house
"der Besitzer, -",owner
ehemalig,former(ly)
"die Erbin, -nen",heiress
erzielen,"to acheive, attain"
gründlich,thorough(ly)
"die Gummiwanne, -n",rubber tub
"herankommen (kommt heran, kam heran, ist herangekommen)",to come near
"die Installation, -en",installation
"das Missgeschick, -e",misfortune
original,original(ly)
"der Perserteppich, -e",Persian carpet
pfiffig,"smart, clever"
"die Pflicht, -en",duty
preiswert,inexpensive(ly)
prüfen,"to test, probe, look into"
"die Putzfrau, -en",cleaner (f.)
"die Reinigungsfirma, -firmen",cleaning service
das Reinigungspersonal (Singular),cleaning staff
schätzen (auf + Akk.) (Das Auktionshaus schätzt den Wert des Kunstwerks auf 8000 Euro.),"to estimate, value (The auction house estimates the value of this piece of art at 8,000 Euro.)"
schuldig,"guilty, guiltily"
staunen,to be astonished
tierisch,brutish(ly)
"das Werk, -e",work
zerstören,to destroy
"der Zoodirektor, -direktoren",zoo director
"der Beispielsatz, -sätze",example sentence
"die Stellung, -en (die Stellung im Satz)",position (the position within the sentence)
verneinen,to negate
"die Putzfirma, -firmen",cleaning service
einzeln,individual(ly)
nacheinander,successively
"der Ausstellungsbesucher, -",exhibition visitors
abschwächen,"to weaken, tone down"
banal,banal(ly)
überzeugend,convincing(ly)
verstärken,to strengthen
"die Kopie, -n",copy
"die Ankündigung, -en",announcement
Argentinien,Argentina
"der Austauschschüler, -",exchange student
"der Dokumentarfilm, -e",documentary film
"der Dozent, -en","lecturer, instructor"
"der Filmpreis, -e",film prize
"das Gerichtsschiff, -e",floating courthouse
"der Kinderfilm, -e",children‘s film
"der Produzent, -en",producer
die Volksmusik (Singular),folk music
"der Drehtag, -e",day of shooting
"die Filmvorführung, -en",film screening
"der Redakteur, -e",editor
erwähnen,to mention
"das Kurzporträt, -s",brief portrait
"begeben (sich) (begibt sich, begab sich, hat sich begeben)",to embark
"die Entdeckungsreise, -n",voyage of discovery
"Hip-Hop (Singular, ohne Artikel)",hip-hop
"die Inhaltsbeschreibung, -en",content description
jodeln,to yodel
"die Kulturgrenze, -n",cultural boundary
musikalisch,musical(ly)
musizieren,to play music
quer,crosswise
regional,regional(ly)
"die Sprachgrenze, -n",language border
über … hinweg,beyond
"das Volkslied, -er",folk song
einsperren,"to lock up, confine"
entzwei,"in two, in half"
"erschießen (erschießt, erschoss, hat erschossen)",to shoot dead
finster,"sinister, gloomy, gloomily"
"das Gedicht, -e",poem
"der Jäger, -",hunter
"der Kerker, -",dungeon
"die Liedzeile, -n",song line
nächtlich,nightly
rein,"outright, pure(ly)"
"die Schranke, -n",barrier
vergeblich,forgivable
"vorbeifliegen (fliegt vorbei, flog vorbei, ist vorbeigeflogen)",to fly by
"das Werk, -e (vergebliche Werke)","work, deed (forgivable deeds)"
"zerreißen (zerreißt, zerriss, hat zerrissen)",to tear apart
die Ehrlichkeit (Singular),"honesty, sincerity"
die Fairness (Singular),fairness
die Gerechtigkeit (Singular),justice
die Gleichberechtigung (Singular),equality
die Hilfsbereitschaft (Singular),helpfulness
der Respekt (Singular),respect
die Toleranz (Singular),tolerance
"der Wert, -e (die Werte in einer Gesellschaft)",value (the values in a society)
die Zivilcourage (Singular),civic duty
"die Zuordnung, -en","classification, assignment"
abstimmen,to take a vote
"der/die Abgeordnete, -n",deputy
anwesend,"present, in attendance"
"die Aufnahme, -n","recording, intake"
begeistern,"to inspire, excite"
behindert,"disabled, handicapped"
"der/die Blinde, -n",blind person
"der Bundeskanzler, -",chancellor (m.)
"die Bundeskanzlerin, -nen",chancellor (f.)
der Bundestag (Singular),German legislature
"der Bürgermeister, -",mayor
"die Einbürgerung, -en",naturalization
"der Einwanderer, -",immigrant
humorvoll,humorous(ly)
die Integration (Singular),integration
"die Kandidatin, -nen",candidate (f.)
körperlich,"physical(ly), bodily"
"der Migrant, -en",migrant
"der Minister, -",minister
"die Partei, -en",political party
die Politik (Singular),politics
das Publikum (Singular),audience
"das Recht, -e","right, justice"
"die Regierung, -en",government
"der Schwerpunkt, -e","center of gravity, main focus"
ausüben,"to exercise, practice"
"die Religion, -en",religion
sichern,to secure
alarmieren,to alert
die Arbeitssuche (Singular),job search
ausbilden,"to train, educate"
ausrücken (Die Feuerwehr rückt fast jede Nacht aus.),"to move out, dispatch (Firefighters are dispatched nearly every night.)"
"die Ausgabestelle, -n","distribution location, issuing office"
bedürftig,needy
"der Behördengang, Behördengänge",visit to the authorities
bewältigen,"to overcome, cope with"
"der Braten, -",roast
"brennen (brennt, brannte, hat gebrannt)",to burn
ehrenamtlich,unpaid
die Feuerwehrleute (Plural),firefighters
"das Hochwasser, -",flood
inzwischen,between
"der Lehrgang, -gänge",training course
"die Margarine, -n",margarine
meist,most(ly)
"die Möhre, -n",carrot
"die Nachtzeit, -en",nighttime
"die Organisation, -en",organization
"der Pate, -n",godparent
"die Patenschaft, -en","sponsorship, godparenthood"
qualitativ,qualitative(ly)
"die Schwierigkeit, -en",difficulty
"die Soße, -n",sauce
spenden,to donate
"der Verein, -e","association, club"
"das Vereinsmitglied, -er",club member
vernichten,"to destroy, annihilate"
"wegwerfen (wirft weg, warf weg, hat weggeworfen)",to throw away
die Wohnungssuche (Singular),apartment search
bundesweit,nationwide
mittlerweile,in the meantime
"der Brand, Brände","fire, blaze"
löschen,to extinguish
entsorgen,to dispose of
"das Grundstück, -e","plot of land, property"
der Abzug (Singular),deduction
anreisen,to travel to
auszahlen,to pay off
außerhalb (+ Genitiv),outside
bereits,already
drohen,to threaten
"eintragen (trägt ein, trug ein, hat eingetragen)","to register, record"
"der Einkauf, Einkäufe",purchase
eröffnen,to open
führen (ein Restaurant führen),"to lead, run (running a restaurant)"
global,global(ly)
"die Halle, -n",hall
"die Hochschule, -n",institution of higher education
Indien,India
innerhalb (+ Genitiv),"within, inside"
"das Jobcenter, -",career center
mitspielen,to play with
das Spielgeld (Singular),play money
"die Spielstadt, -städte",play city
"der Streik, -s",strike
"der Studienplatz, -plätze",place to study
"die Studienzeit, -en",time to study
"der Verkauf, Verkäufe",sale
ausgebildet,trained
"sauber halten (hält sauber, hielt sauber, hat sauber gehalten)",to keep clean
streiken,to go on strike
wegräumen,to put away
"gell (Das war super, gell?)","huh, right (That was awesome, right?)"
"hingehen (geht hin, ging hin, ist hingegangen)",to go there
der Norden (Singular),north
der Süden (Singular),south
abräumen,to clear away
"die Lieferung, -en",shipment
"die Straßenlaterne, -n",streetlight
uninteressant,uninteresting(ly)
die EU (Singular) (die Europäische Union),EU (the European Union)
europäisch,European
"die Union, -en (die Europäische Union)",union (the European Union)
"beschließen (beschließt, beschloss, hat beschlossen)","to decide on, resolve"
"dasselbe, derselbe, dieselbe",the same
"die Dienstleistung, -en",service
"das EU-Land, -Länder",EU country
die Europäische Union (Singular),European Union
"die Gemeinschaft, -en (die Europäische Gemeinschaft)",community (the European Community)
"die Grenzkontrolle, -n",border control
national,national(ly)
thematisch,thematic(ally)
"der Vortrag, Vorträge",lecture
bewahren,"to keep, preserve"
"der EU-Bürger, -",EU citizen
aufbauen,"to build up, construct"
"die Struktur, -en",structure
folgendermaßen,as follows
gegliedert,structured
"der Abfall, Abfälle",waste
"das Abgas, -e",exhaust
"der Betrieb, -e","operation, factory"
der Dreck (Singular),dirt
"die Fahrbahn, -en",roadway
"das Fahrzeug, -e",automobile
"die Fußgängerzone, -n",pedestrian zone
"das Gebiet, -e","area, territory"
"der Gehsteig, -e",sidewalk
"die Geschwindigkeit, -en","speed, velocity"
der Lärm (Singular),noise
"der Rand, Ränder","edge, outskirts"
"das Schaufenster, -",display window
der Schmutz (Singular),"dirt, grime"
"der Stadtteil, -e",part of town; quarter
"das Stadtzentrum, -zentren",city center
"das Tempo, -s",tempo. speed
"das Viertel, -",quarter
"die Zone, -n",zone
"die Einkaufsstraße, -n",shopping street
"angehen (geht an, ging an, ist angegangen)","here: to concern s.o., be s.o.‘s business"
"(Was ich mache, geht dich nichts an.)",(What I do is none of your business.)
"die Arbeitswoche, -n",workweek
dauernd,constant(ly)
"der Forumsname, -n",forum name
interkulturell,intercultural(ly)
nie mehr,"no more, never again"
"recht geben (gibt recht, gab recht, hat recht gegeben)","to agree, concede"
das Shopping (Singular),shopping
"der Stadtmensch, -en",city person
"der Stadttyp, -en",city person
das Studentenleben (Singular),student life
"der Landmensch, -en",country person
"der Stadtgarten, -gärten",city garden
erwachen,to awaken
"aufhalten (hält auf, hielt auf, hat aufgehalten)","to stop, hold up, delay"
"die Backstube, -n",bakery
"der Bauhof, Bauhöfe",construction yard
"der Dienst, -e (im Dienst sein)","work, service (to be at work)"
"die Fahrerin, -nen",driver (f.)
"die Frühschicht, -en",morning shift
"hineingehen (geht hinein, ging hinein, ist die Hochtouren (Plural) (Alle arbeiten auf Hochtouren.)","to go in full speed, high gear (Everyone is working a full speed.)"
"der Korb, Körbe",basket
"der Lehrling, -e","apprentice, trainee"
"der Magazinbericht, -e",magazine report
"der/die Obdachlose, -n",homeless person
"die Operation, -en","operation, surgery"
"das Reinigungsfahrzeug, -e",street cleaning vehicle
städtisch,urban
"die Übernahme, -n","takeover, change of shifts"
unruhig,"unsettled, uneasy, uneasily"
"der Weg, -e (sich auf den Weg machen)","way, path (to get on one‘s way)"
"der Fahrer, -",driver (m.)
"der Nachtdienst, -e",night shift
"offen lassen (lässt offen, ließ offen, hat offen gelassen)",to leave open
üblich,usual
"der Sozialarbeiter, -",social worker
aufwachen,to wake up
"geschehen (geschieht, geschah, ist geschehen)","to happen, occur"
lebenswert,to be worth living in
"anziehen (zieht an, zog an, hat angezogen) (Gute Rankings ziehen Investoren an.)","to attract, pull in (Good rankings attract investors.)"
"der/die Arbeitssuchende, -n",job searcher
"der Ausbildungsplatz, Ausbildungsplätze",trainee position
bewerten,to evaluate
dienen (als + Akk.),to serve
"die Einkommensstruktur, -en",income distribution
"die Informationsquelle, -n",information source
"der/die Interessierte, -n",interest
"der Investor, -en",investor
"das Kriterium, Kriterien",criterion
"die Liste, -n",list
"das Ministerium, Ministerien",ministry
"der Rang, Ränge",rank
"das Ranking, -s",ranking
"der Rankingplatz, -plätze",ranking
sonstige,other
vordere,front
"das Städteranking, -s",city ranking
"die Freizeitmöglichkeit, -en",recreational opportunity
"das Gehaltsniveau, -s",salary level
"der Themenbereich, -e","topic, subject area"
"das Unterthema, -themen",subtopic
die Zufriedenheit (Singular),satisfaction
"der Kursort, -e",course location
einig sein (sich),to be in agreement
"der Zusammenhang, Zusammenhänge",context
allerdings,"though, admittedly"
"Kölsch (Singular, ohne Artikel)",Colognian
die Öffnungszeiten (Plural),opening hours
"der Feiertag, -e",holiday
"die Ahnung, -en","idea, notion"
anlächeln,to smile at
"die Attraktion, -en",attraction
"das Büdchen, -",kiosk
"die Bude, -n",booth
die Chips (Plural) (Kaufst du mir eine Tüte Chips?),chips (Will you buy me a bag of chips?)
"das Currygewürz, -e",curry
"der Dialekt, -e",dialect
"die Etage, -n","level, floor, story"
"festnehmen (nimmt fest, nahm fest, hat festgenommen)",to arrest
die Flucht (Singular),escape
hinunterrasen,to race down
das Hühnerfleisch (Singular),chicken meat
knurren (Mir knurrt der Magen vor Hunger.),rumble (My stomach is rumbling with hunger.)
"der Krimi, -s","crime story, crime film"
"der Laden, Läden",shop
längst,long ago
"der Magen, Mägen",stomach
"der Sandwich, -s",sandwich
"der Stadtführer, -",city guide
"die Stammkneipe, -n",local pub
"der Täter, -","offender, culprit"
"der/die Tote, -n",dead person
"um sein (ist um, war um, ist um gewesen) (Der Krimi war schon zur Hälfte um.)",to be over (The crime show was already half over.)
"der/die Verdächtige, -n",suspect
"der Verkaufsstand, -stände",sales booth
"vernehmen (vernimmt, vernahm, hat vernommen) (Die Polizei hat Verdächtige vernommen.)","to question, examine (The police questioned some suspects.)"
"der Zeuge, -n",witness
"die Freizeitaktivität, -en",leisure activity
der Tourismus (Singular),tourism
freundlich (Mit freundlichen Grüßen),friendly (with friendly greetings)
"geehrt (Sehr geehrte Damen und Herren, …)",honored (Dear honored ladies and gentlement …)
"der Geschäftspartner, -",business partner (m.)
"die Geschäftspartnerin, -nen",business partner (f.)
mitteilen,"to tell, notify"
regieren,"to rule, govern"
anschaffen,"to buy, get"
"der Beleg, -e","document, voucher"
ernsthaft,"serious(ly), earnest(ly)"
"die Mahnung, -en",reminder
sparsam,"economical(ly), frugal(ly)"
"der Sportverein, -e",sports club
"die Vereinskasse, -n",club treasury
der Bohnenkaffee (Singular),coffee beans
"die Einheit, -en",unity
"der Herrenanzug, -anzüge",men‘s suit
"der Kleiderschrank, -schränke",wardrobe
"das Mischbrot, -e",brown bread
"das Schweinekotelett, -s",pork chop
die Vollmilch (Singular),whole milk
abheben,"to withdraw, lift off"
"desto (je …, desto …)","the more (the more …, the more …)"
"die EC-Karte, -n",debit card
"der Geldautomat, -en","ATM, automatic teller machine"
"das Girokonto, -konten",checking account
"je …, desto …","the more …, the more …"
"die Kontoeröffnung, -en",account opening
"die Traumbank, -banken",dream bank
umsonst,for free
traumhaft,fantastic(al)
"der/die Bankangestellte, -n",benk teller
"die Geheimnummer, -n",secret number
"der Kredit, -e",credit
"die PIN, -s","PIN, personal identification number"
"das Portemonnaie, -s",wallet
"die Eurone, -n (ugs.)",Euro (colloq.)
die Kohle (Singular) (ugs. für Geld),coal (colloq. for money)
die Kröten (Plural) (ugs. für Geld),toads (colloq. for money)
die Mäuse (Plural) (ugs. für Geld),mice (colloq. for money)
die Umgangssprache (Singular),colloquial language
"der Bankkunde, -n",bank customer
das Bargeld (Singular),cash
"der Betrag, Beträge","sum, amount"
dankbar,thankful(ly)
"einziehen (zieht ein, zog ein, hat eingezogen) (Der Automat hat meine Karte eingezogen.)","to collect, pull in, confiscate (The ATM confiscated my card.)"
erhöhen,"to raise, increase"
"die Geheimzahl, -en",secret number
"die Karte, -n (Der Automat hat meine Karte eingezogen.)",card (The ATM confiscated my card.)
kurzfristig,"briefly, short-term"
sperren (Ich musste gestern meine EC-Karte sperren lassen.),"to cancel, block, close off, freeze (I had to cancel my debit card yesterday.)"
"überziehen (überzieht, überzog, hat überzogen)",to overdraw
wieso,why
"der Bankautomat, -en","ATM, automatic teller machine"
"aufladen (lädt auf, lud auf, hat aufgeladen)","to load up, recharge"
ausführen,"to execute, carry out"
"das Bankgeschäft, -e",banking
"die Bedeutung, -en",meaning
"behalten (behält, behielt, hat behalten)",to keep
benötigen,"to need, require"
beschädigen,"to damage, deface"
"der Chip, -s (Ich brauche einen Chip für den Parkautomat.)","smart card, chip-and-PIN card (I need a smart card for the parking meter.)"
"der Dauerauftrag, -aufträge","recurring payment, standing order"
"der Diebstahl, Diebstähle",theft
einrichten,"to establish, set up"
"entnehmen (entnimmt, entnahm, hat entnommen)",to take from
"der Fahrkartenautomat, -en",ticket machine
"die Filiale, -n",branch
"der Geldbetrag, -beträge",sum of money
"der Geldkarten-Chip, -s",money chip
"gutschreiben (schreibt gut, schrieb gut, hat gutgeschrieben)",to credit
"der Kontoauszug, -auszüge",account withdrawal
"der Neukunde, -n",new customer
"der Parkautomat, -en",parking meter
umgehend,"immediate(ly), prompt(ly)"
"der Verlust, -e",loss
verwalten,"to manage, administer"
"wiederfinden (findet wieder, fand wieder, hat wiedergefunden)",to find again
zuschicken,to send over
"zurückerhalten (erhält zurück, erhielt zurück, hat zurückerhalten)",to get back
ausfüllen,to fill out
deklinieren,to decline
einzahlen,"to deposit, pay in"
die Globalisierung (Singular),globalization
Asien,Asia
die Auswahl (Singular),selection
"der Banker, -",banker
"bedenken (bedenkt, bedachte, hat bedacht)",to consider
"die Bedingung, -en",condition
"die Finanzkrise, -n",financial crisis
"die Forschung, -en",research
"der Fortschritt, -e",progress
furchtbar,horrible
"der Handyhersteller, -",mobile phone manufacturer
die Konkurrenz (Singular),competition
"der Lohn, Löhne","wage, pay"
problematisch,problematic(ally)
rasend,"rapid, furious"
spekulieren,to speculate
"der Topmanager, -",top manager
überleben,to survive
wachsend,"growing, expanding"
der Weltmarkt (Singular),world market
der Wohlstand (Singular),prosperity
schwitzen,to sweat
"das Versprechen, -",promise
das Gewissen (Singular),conscience
basieren (auf + Akk.),"to base, be based"
"betrügen (betrügt, betrog, hat betrogen)",to betray
"der Dieb, -e",thief
drin,in it
"einwerfen (wirft ein, warf ein, hat eingeworfen)","to insert, throw in"
"die Gewissensfrage, -n",question of conscience
"die Großtante, -n",great-aunt
"herausfinden (findet heraus, fand heraus, hat herausgefunden)",to find out
das Kleingeld (Singular),small change
nachprüfen,"to verify, re-examine"
verstaubt (verstauben),dusty (to get dusty)
"der Vorwurf, Vorwürfe",accusation
weiterverschenken,to re-gift
wunderschön,"beautiful, lovely"
"der Zeitungskasten, -kästen",newspaper rack
zwischendurch,"meanwhile, in between"
befürworten,to advocate
der Blickkontakt (Singular),eye contact
"leiden können (Ich kann es nicht leiden, wenn du zu spät kommst.)","to tolerate, stand s.t. (I can‘t stand it when you‘re late.)"
räuspern (sich),to clear one‘s throat
tolerieren,to tolerate
"der Arbeiter, -","worker, laborer"
"ausziehen (zieht aus, zog aus, ist ausgezogen) (Wir sind aus unserer Wohnung ausgezogen.)",to move out (We moved out of our apartment.)
beten,to pray
bewachen,to guard
damalig,"onetime, bygone"
"die Entstehungszeit, -en",time of origin
finanzieren,to finance
fortschrittlich,"forward-looking, progressive(ly)"
"die Gasse, -n",alley
"geraten (gerät, geriet, ist geraten) (in Schwierigkeiten geraten)",to get into (to get into difficulties)
"die Immobilie, -n",real estate
"die Jahresmiete, -n",yearly rent
katholisch,Catholic
"die Kaufmannsfamilie, -n",merchant family
"die Konzeption, -en","idea, conception"
"der Nachtwächter, -",night watchman
die Nebenkosten (Plural),additional costs
"der Originalzustand, -zustände",original condition
die Schulden (Plural),debt
die Selbsthilfe (Singular),self-help
"die Siedlung, -en","settlement, housing scheme"
"die Sozialsiedlung, -en",social housing project
"die Stadtmauer, -n",city wall
"das Stiftungsvermögen, -",endowment
symbolisch,symbolic(ally)
touristisch,touristic
"der Urgroßvater, -väter",great-grandfather
